{
  "version": "2.0",
  "logging": {
    "applicationInsights": {
      "samplingSettings": {
        "isEnabled": true,
        "excludedTypes": "Request"
      }
    }
  },
  "extensionBundle": {
    "id": "Microsoft.Azure.Functions.ExtensionBundle",
    "version": "[4.*, 5.0.0)"
  },
  "functionTimeout": "00:05:00",
  "functions": [
    "mcp",
    "health"
  ],
  "customHandler": {
    "description": {
      "defaultExecutablePath": "python",
      "workingDirectory": "",
      "arguments": [
        "function_app.py"
      ]
    },
    "enableForwardingHttpRequest": true
  }
}